{
  "models": {
    "Llama-3.1-8B": {
      "model_id": "unsloth/Meta-Llama-3.1-8B-Instruct",
      "n_layers": 32,
      "n_heads": 32,
      "n_items": 470,
      "n_conflict": 235,
      "n_control": 235,
      "head_level_tests": {
        "metric": "norm_entropy",
        "fdr_method": "BH",
        "alpha": 0.05,
        "n_tests": 1024,
        "n_significant": 473,
        "proportion_significant": 0.4619,
        "n_conflict_higher": 82,
        "n_control_higher": 391,
        "proportion_conflict_higher_of_significant": 0.1734
      },
      "s2_specialized_heads": {
        "criteria": "q < 0.05 AND |r_rb| >= 0.3 (entropy metric)",
        "n_specialized": 30,
        "n_total": 1024,
        "proportion": 0.0293,
        "n_conflict_higher": 29,
        "n_control_higher": 1,
        "proportion_conflict_higher": 0.9667,
        "kv_group_n_specialized": 13,
        "kv_group_proportion": 0.0508
      },
      "layer_profile": {
        "peak_gap_layer": 7,
        "peak_gap_magnitude": 0.015634,
        "peak_gap_signed": -0.015634,
        "robust_peak_layer": 7,
        "conflict_mean_by_layer": [
          0.611266,
          0.383356,
          0.348769,
          0.346912,
          0.493606,
          0.51964,
          0.480584,
          0.5653,
          0.599061,
          0.610274,
          0.582384,
          0.627163,
          0.641507,
          0.680258,
          0.618347,
          0.513172,
          0.51202,
          0.534563,
          0.479534,
          0.407535,
          0.439368,
          0.432513,
          0.449824,
          0.392539,
          0.365641,
          0.341082,
          0.443319,
          0.415834,
          0.416182,
          0.372638,
          0.49089,
          0.36194
        ],
        "control_mean_by_layer": [
          0.608171,
          0.385946,
          0.352688,
          0.350875,
          0.50233,
          0.529358,
          0.487057,
          0.580933,
          0.612872,
          0.625299,
          0.592426,
          0.640298,
          0.654193,
          0.690924,
          0.628396,
          0.520858,
          0.509477,
          0.523998,
          0.464649,
          0.408653,
          0.437449,
          0.428616,
          0.447187,
          0.386987,
          0.363,
          0.339239,
          0.441058,
          0.408381,
          0.412978,
          0.379084,
          0.483702,
          0.364262
        ],
        "gap_by_layer": [
          0.003096,
          -0.00259,
          -0.003919,
          -0.003963,
          -0.008724,
          -0.009718,
          -0.006473,
          -0.015634,
          -0.013811,
          -0.015025,
          -0.010042,
          -0.013135,
          -0.012686,
          -0.010666,
          -0.010049,
          -0.007685,
          0.002543,
          0.010566,
          0.014884,
          -0.001119,
          0.001919,
          0.003898,
          0.002637,
          0.005552,
          0.002641,
          0.001843,
          0.002261,
          0.007453,
          0.003204,
          -0.006446,
          0.007188,
          -0.002322
        ]
      }
    },
    "R1-Distill-Llama-8B": {
      "model_id": "deepseek-ai/DeepSeek-R1-Distill-Llama-8B",
      "n_layers": 32,
      "n_heads": 32,
      "n_items": 470,
      "n_conflict": 235,
      "n_control": 235,
      "head_level_tests": {
        "metric": "norm_entropy",
        "fdr_method": "BH",
        "alpha": 0.05,
        "n_tests": 1024,
        "n_significant": 515,
        "proportion_significant": 0.5029,
        "n_conflict_higher": 115,
        "n_control_higher": 400,
        "proportion_conflict_higher_of_significant": 0.2233
      },
      "s2_specialized_heads": {
        "criteria": "q < 0.05 AND |r_rb| >= 0.3 (entropy metric)",
        "n_specialized": 57,
        "n_total": 1024,
        "proportion": 0.0557,
        "n_conflict_higher": 47,
        "n_control_higher": 10,
        "proportion_conflict_higher": 0.8246,
        "kv_group_n_specialized": 24,
        "kv_group_proportion": 0.0938
      },
      "layer_profile": {
        "peak_gap_layer": 11,
        "peak_gap_magnitude": 0.016668,
        "peak_gap_signed": -0.016668,
        "robust_peak_layer": 11,
        "conflict_mean_by_layer": [
          0.992182,
          0.359277,
          0.287395,
          0.313705,
          0.325645,
          0.196616,
          0.164863,
          0.332527,
          0.381092,
          0.384077,
          0.314183,
          0.237512,
          0.272494,
          0.297067,
          0.319928,
          0.317042,
          0.245216,
          0.184017,
          0.21467,
          0.196723,
          0.195913,
          0.179443,
          0.181147,
          0.168962,
          0.130296,
          0.170019,
          0.195315,
          0.248568,
          0.19091,
          0.139209,
          0.250299,
          0.275622
        ],
        "control_mean_by_layer": [
          0.991592,
          0.351395,
          0.275718,
          0.312639,
          0.319515,
          0.204527,
          0.180489,
          0.340355,
          0.395976,
          0.390858,
          0.322513,
          0.25418,
          0.283985,
          0.310856,
          0.333374,
          0.327881,
          0.249903,
          0.194628,
          0.218196,
          0.201205,
          0.202679,
          0.181554,
          0.18237,
          0.172031,
          0.13638,
          0.174469,
          0.202074,
          0.250867,
          0.191596,
          0.140579,
          0.252547,
          0.267259
        ],
        "gap_by_layer": [
          0.00059,
          0.007882,
          0.011677,
          0.001066,
          0.006129,
          -0.00791,
          -0.015626,
          -0.007828,
          -0.014884,
          -0.006782,
          -0.00833,
          -0.016668,
          -0.011491,
          -0.013789,
          -0.013445,
          -0.010839,
          -0.004687,
          -0.010612,
          -0.003525,
          -0.004482,
          -0.006766,
          -0.002111,
          -0.001223,
          -0.003069,
          -0.006084,
          -0.00445,
          -0.006758,
          -0.002298,
          -0.000686,
          -0.001369,
          -0.002248,
          0.008363
        ]
      }
    }
  },
  "paper_highlights": {
    "Llama-3.1-8B": {
      "headline": "46.2% of heads (473/1024) show significant entropy differences (BH-FDR q<0.05); of those, 17.3% have higher entropy on conflict items",
      "s2_specialized": "30 heads (2.9%) meet S2-specialization criteria (q<0.05 + |r_rb|>=0.3)",
      "peak_gap": "Peak entropy gap at layer 7 (delta=-0.0156 normalized entropy)"
    },
    "R1-Distill-Llama-8B": {
      "headline": "50.3% of heads (515/1024) show significant entropy differences (BH-FDR q<0.05); of those, 22.3% have higher entropy on conflict items",
      "s2_specialized": "57 heads (5.6%) meet S2-specialization criteria (q<0.05 + |r_rb|>=0.3)",
      "peak_gap": "Peak entropy gap at layer 11 (delta=-0.0167 normalized entropy)"
    }
  }
}