{
  "model": "unsloth/Meta-Llama-3.1-8B-Instruct",
  "n_items": 470,
  "overall_conflict_vs_control": {
    "first_token_prob": {
      "conflict_mean": 0.7507675489361704,
      "conflict_std": 0.21858575113612597,
      "control_mean": 0.7932698212765957,
      "control_std": 0.19436783918027423,
      "n_conflict": 235,
      "n_control": 235,
      "U": 23885.0,
      "p": 0.011358751094533456,
      "r_rb": 0.13499320959710281,
      "n_x": 235,
      "n_y": 235
    },
    "top10_entropy": {
      "conflict_mean": 0.9480851063829786,
      "conflict_std": 0.704199422566537,
      "control_mean": 0.8166080851063829,
      "control_std": 0.6564203829923748,
      "n_conflict": 235,
      "n_control": 235,
      "U": 30963.5,
      "p": 0.022861764246786116,
      "r_rb": -0.12135808057944764,
      "n_x": 235,
      "n_y": 235
    }
  },
  "per_category": {
    "first_token_prob": {
      "anchoring": {
        "conflict_mean": 0.5231471999999999,
        "conflict_std": 0.30288372098956423,
        "control_mean": 0.8507806,
        "control_std": 0.20490727754546625,
        "n_conflict": 20,
        "n_control": 20,
        "U": 71.0,
        "p": 0.000509072918078457,
        "r_rb": 0.645,
        "n_x": 20,
        "n_y": 20
      },
      "arithmetic": {
        "conflict_mean": 0.93189036,
        "conflict_std": 0.03235127670185521,
        "control_mean": 0.8324282400000002,
        "control_std": 0.02994741573892479,
        "n_conflict": 25,
        "n_control": 25,
        "U": 609.0,
        "p": 9.287995833277976e-09,
        "r_rb": -0.9488000000000001,
        "n_x": 25,
        "n_y": 25
      },
      "availability": {
        "conflict_mean": 0.9110934666666667,
        "conflict_std": 0.11835831569244464,
        "control_mean": 0.6650508666666667,
        "control_std": 0.18683597952171338,
        "n_conflict": 15,
        "n_control": 15,
        "U": 201.0,
        "p": 0.00026216888813650863,
        "r_rb": -0.7866666666666666,
        "n_x": 15,
        "n_y": 15
      },
      "base_rate": {
        "conflict_mean": 0.7381063428571429,
        "conflict_std": 0.16310804618572944,
        "control_mean": 0.8482997428571428,
        "control_std": 0.12160013966815286,
        "n_conflict": 35,
        "n_control": 35,
        "U": 372.0,
        "p": 0.004816419590613431,
        "r_rb": 0.39265306122448984,
        "n_x": 35,
        "n_y": 35
      },
      "certainty_effect": {
        "conflict_mean": 0.6821071333333334,
        "conflict_std": 0.10952264571106918,
        "control_mean": 0.6327331333333335,
        "control_std": 0.13816200104166884,
        "n_conflict": 15,
        "n_control": 15,
        "U": 129.0,
        "p": 0.506914933812496,
        "r_rb": -0.14666666666666672,
        "n_x": 15,
        "n_y": 15
      },
      "conjunction": {
        "conflict_mean": 0.77622955,
        "conflict_std": 0.15235926161317911,
        "control_mean": 0.76857675,
        "control_std": 0.13925853005712452,
        "n_conflict": 20,
        "n_control": 20,
        "U": 208.0,
        "p": 0.8392322130718609,
        "r_rb": -0.040000000000000036,
        "n_x": 20,
        "n_y": 20
      },
      "crt": {
        "conflict_mean": 0.48123806666666674,
        "conflict_std": 0.09599617637246462,
        "control_mean": 0.6571320666666669,
        "control_std": 0.26776842800513323,
        "n_conflict": 30,
        "n_control": 30,
        "U": 272.0,
        "p": 0.008684371229240618,
        "r_rb": 0.39555555555555555,
        "n_x": 30,
        "n_y": 30
      },
      "framing": {
        "conflict_mean": 0.9301714999999999,
        "conflict_std": 0.053039329566791624,
        "control_mean": 0.9657787000000001,
        "control_std": 0.006097874600391948,
        "n_conflict": 20,
        "n_control": 20,
        "U": 42.0,
        "p": 2.0407139096244572e-05,
        "r_rb": 0.79,
        "n_x": 20,
        "n_y": 20
      },
      "loss_aversion": {
        "conflict_mean": 0.9831868000000001,
        "conflict_std": 0.01623619695618405,
        "control_mean": 0.9997473333333333,
        "control_std": 0.00015654149001220722,
        "n_conflict": 15,
        "n_control": 15,
        "U": 0.0,
        "p": 3.3833394126542187e-06,
        "r_rb": 1.0,
        "n_x": 15,
        "n_y": 15
      },
      "sunk_cost": {
        "conflict_mean": 0.9650671999999999,
        "conflict_std": 0.05873547614176632,
        "control_mean": 0.9994586,
        "control_std": 0.00016982251238950553,
        "n_conflict": 15,
        "n_control": 15,
        "U": 1.0,
        "p": 4.133036031778927e-06,
        "r_rb": 0.9911111111111112,
        "n_x": 15,
        "n_y": 15
      },
      "syllogism": {
        "conflict_mean": 0.60597868,
        "conflict_std": 0.07969141965456507,
        "control_mean": 0.60182716,
        "control_std": 0.06871100081299451,
        "n_conflict": 25,
        "n_control": 25,
        "U": 337.0,
        "p": 0.6414528745894932,
        "r_rb": -0.07840000000000003,
        "n_x": 25,
        "n_y": 25
      }
    },
    "top10_entropy": {
      "anchoring": {
        "conflict_mean": 1.8,
        "conflict_std": 0.9836547677438784,
        "control_mean": 0.618295,
        "control_std": 0.7097030761448577,
        "n_conflict": 20,
        "n_control": 20,
        "U": 331.0,
        "p": 0.00041550215250851585,
        "r_rb": -0.655,
        "n_x": 20,
        "n_y": 20
      },
      "arithmetic": {
        "conflict_mean": 0.40848,
        "conflict_std": 0.14235487054072532,
        "control_mean": 0.9266719999999999,
        "control_std": 0.12718199073244082,
        "n_conflict": 25,
        "n_control": 25,
        "U": 4.0,
        "p": 2.2857387092009765e-09,
        "r_rb": 0.9872,
        "n_x": 25,
        "n_y": 25
      },
      "availability": {
        "conflict_mean": 0.3961066666666666,
        "conflict_std": 0.32047772034588495,
        "control_mean": 1.2503133333333336,
        "control_std": 0.5488869632091405,
        "n_conflict": 15,
        "n_control": 15,
        "U": 18.0,
        "p": 9.661535870152322e-05,
        "r_rb": 0.84,
        "n_x": 15,
        "n_y": 15
      },
      "base_rate": {
        "conflict_mean": 1.0477485714285713,
        "conflict_std": 0.49990551423210355,
        "control_mean": 0.6488485714285714,
        "control_std": 0.35208681280033644,
        "n_conflict": 35,
        "n_control": 35,
        "U": 895.0,
        "p": 0.0009249985226246001,
        "r_rb": -0.46122448979591835,
        "n_x": 35,
        "n_y": 35
      },
      "certainty_effect": {
        "conflict_mean": 1.4349666666666665,
        "conflict_std": 0.3258779255809641,
        "control_mean": 1.7313266666666667,
        "control_std": 0.4460798542648529,
        "n_conflict": 15,
        "n_control": 15,
        "U": 64.0,
        "p": 0.046486686395286025,
        "r_rb": 0.4311111111111111,
        "n_x": 15,
        "n_y": 15
      },
      "conjunction": {
        "conflict_mean": 0.745715,
        "conflict_std": 0.33129833792297586,
        "control_mean": 0.757115,
        "control_std": 0.2663900746432214,
        "n_conflict": 20,
        "n_control": 20,
        "U": 208.0,
        "p": 0.8392322130718609,
        "r_rb": -0.040000000000000036,
        "n_x": 20,
        "n_y": 20
      },
      "crt": {
        "conflict_mean": 1.6378333333333333,
        "conflict_std": 0.5259010627637978,
        "control_mean": 1.11494,
        "control_std": 0.9250135579994265,
        "n_conflict": 30,
        "n_control": 30,
        "U": 568.0,
        "p": 0.0823571708823862,
        "r_rb": -0.26222222222222213,
        "n_x": 30,
        "n_y": 30
      },
      "framing": {
        "conflict_mean": 0.490405,
        "conflict_std": 0.24480716250916654,
        "control_mean": 0.29317499999999996,
        "control_std": 0.04250707526245978,
        "n_conflict": 20,
        "n_control": 20,
        "U": 362.0,