{
  "model": "unsloth/Meta-Llama-3.1-8B-Instruct",
  "h5_model_key": "unsloth_Meta-Llama-3.1-8B-Instruct",
  "target_layer": 14,
  "direction": "probe_coef",
  "probe_train_auc": 0.9595312500000001,
  "hidden_dim": 4096,
  "n_conflict_items": 80,
  "vulnerable_categories": [
    "base_rate",
    "conjunction",
    "syllogism"
  ],
  "alphas": {
    "-5.0": {
      "lure_rate": 0.6875,
      "correct_rate": 0.3125,
      "other_rate": 0.0,
      "n": 80,
      "n_lure": 55,
      "n_correct": 25,
      "n_other": 0
    },
    "-3.0": {
      "lure_rate": 0.625,
      "correct_rate": 0.375,
      "other_rate": 0.0,
      "n": 80,
      "n_lure": 50,
      "n_correct": 30,
      "n_other": 0
    },
    "-1.0": {
      "lure_rate": 0.5625,
      "correct_rate": 0.4375,
      "other_rate": 0.0,
      "n": 80,
      "n_lure": 45,
      "n_correct": 35,
      "n_other": 0
    },
    "0.0": {
      "lure_rate": 0.525,
      "correct_rate": 0.475,
      "other_rate": 0.0,
      "n": 80,
      "n_lure": 42,
      "n_correct": 38,
      "n_other": 0
    },
    "1.0": {
      "lure_rate": 0.4875,
      "correct_rate": 0.5125,
      "other_rate": 0.0,
      "n": 80,
      "n_lure": 39,
      "n_correct": 41,
      "n_other": 0
    },
    "3.0": {
      "lure_rate": 0.4125,
      "correct_rate": 0.5875,
      "other_rate": 0.0,
      "n": 80,
      "n_lure": 33,
      "n_correct": 47,
      "n_other": 0
    },
    "5.0": {
      "lure_rate": 0.3125,
      "correct_rate": 0.6875,
      "other_rate": 0.0,
      "n": 80,
      "n_lure": 25,
      "n_correct": 55,
      "n_other": 0
    }
  },
  "random_controls": {
    "-5.0": {
      "mean_lure_rate": 0.5630000000000001,
      "std": 0.0868217150491836,
      "mean_correct_rate": 0.43699999999999994,
      "std_correct_rate": 0.0868217150491836,
      "lure_rates": [
        0.4625,
        0.4875,
        0.65,
        0.55,
        0.625,
        0.55,
        0.55,
        0.55,
        0.4625,
        0.5,
        0.5875,
        0.4875,
        0.4625,
        0.5375,
        0.4875,
        0.4875,
        0.5375,
        0.6125,
        0.4875,
        0.55,
        0.7125,
        0.5125,
        0.5625,
        0.475,
        0.6375,
        0.525,
        0.35,
        0.675,
        0.4375,
        0.5875,
        0.6875,
        0.5125,
        0.5625,
        0.5875,
        0.5375,
        0.4625,
        0.625,
        0.6875,
        0.6625,
        0.75,
        0.575,
        0.6625,
        0.625,
        0.6,
        0.7125,
        0.4125,
        0.575,
        0.6375,
        0.5,
        0.675
      ],
      "correct_rates": [
        0.5375,
        0.5125,
        0.35,
        0.45,
        0.375,
        0.45,
        0.45,
        0.45,
        0.5375,
        0.5,
        0.4125,
        0.5125,
        0.5375,
        0.4625,
        0.5125,
        0.5125,
        0.4625,
        0.3875,
        0.5125,
        0.45,
        0.2875,
        0.4875,
        0.4375,
        0.525,
        0.3625,
        0.475,
        0.65,
        0.325,
        0.5625,
        0.4125,
        0.3125,
        0.4875,
        0.4375,
        0.4125,
        0.4625,
        0.5375,
        0.375,
        0.3125,
        0.3375,
        0.25,
        0.425,
        0.3375,
        0.375,
        0.4,
        0.2875,
        0.5875,
        0.425,
        0.3625,
        0.5,
        0.325
      ],
      "n_directions": 50
    },
    "-3.0": {
      "mean_lure_rate": 0.54025,
      "std": 0.054998260640400136,
      "mean_correct_rate": 0.45975,
      "std_correct_rate": 0.05499826064040014,
      "lure_rates": [
        0.5,
        0.525,
        0.525,
        0.675,
        0.5,
        0.5875,
        0.55,
        0.5375,
        0.55,
        0.5,
        0.4875,
        0.5125,
        0.45,
        0.55,
        0.625,
        0.7,
        0.5125,
        0.6,
        0.5375,
        0.5375,
        0.525,
        0.55,
        0.5625,
        0.575,
        0.475,
        0.5125,
        0.575,
        0.525,
        0.525,
        0.4875,
        0.6375,
        0.5125,
        0.5875,
        0.6,
        0.575,
        0.4625,
        0.5125,
        0.5875,
        0.5,
        0.525,
        0.4125,
        0.5,
        0.5625,
        0.5375,
        0.5625,
        0.4875,
        0.6375,
        0.5125,
        0.5,
        0.525
      ],
      "correct_rates": [
        0.5,
        0.475,
        0.475,
        0.325,
        0.5,
        0.4125,
        0.45,
        0.4625,
        0.45,
        0.5,
        0.5125,
        0.4875,
        0.55,
        0.45,
        0.375,
        0.3,
        0.4875,
        0.4,
        0.4625,
        0.4625,
        0.475,
        0.45,
        0.4375,
        0.425,
        0.525,
        0.4875,
        0.425,
        0.475,
        0.475,
        0.5125,
        0.3625,
        0.4875,
        0.4125,
        0.4,
        0.425,
        0.5375,
        0.4875,
        0.4125,
        0.5,
        0.475,
        0.5875,
        0.5,
        0.4375,
        0.4625,
        0.4375,
        0.5125,
        0.3625,
        0.4875,
        0.5,
        0.475
      ],
      "n_directions": 50
    },
    "-1.0": {
      "mean_lure_rate": 0.526,
      "std": 0.02001912351034504,
      "mean_correct_rate": 0.474,
      "std_correct_rate": 0.02001912351034502,
      "lure_rates": [
        0.4875,
        0.5,
        0.5375,
        0.525,
        0.55,
        0.5125,
        0.5,
        0.5375,
        0.525,
        0.5,
        0.5125,
        0.5125,
        0.55,
        0.525,
        0.5375,
        0.5625,
        0.55,
        0.5125,
        0.525,
        0.55,
        0.525,
        0.5125,
        0.5375,
        0.5125,
        0.5375,
        0.5,
        0.525,
        0.5625,
        0.55,
        0.575,
        0.5,
        0.55,
        0.525,
        0.5,
        0.55,
        0.5375,
        0.5125,
        0.525,
        0.5375,
        0.525,
        0.5125,
        0.5375,
        0.5125,
        0.5,
        0.55,
        0.525,
        0.5125,
        0.525,
        0.5,
        0.5125
      ],
      "correct_rates": [
        0.5125,
        0.5,
        0.4625,
        0.475,
        0.45,
        0.4875,
        0.5,
        0.4625,
        0.475,
        0.5,
        0.4875,
        0.4875,
        0.45,
        0.475,
        0.4625,
        0.4375,
        0.45,
        0.4875,
        0.475,
        0.45,
        0.475,
        0.4875,
        0.4625,
        0.4875,
        0.4625,
        0.5,
        0.475,
        0.4375,
        0.45,
        0.425,
        0.5,
        0.45,
        0.475,
        0.5,
        0.45,
        0.4625,
        0.4875,
        0.475,
        0.4625,
        0.475,
        0.4875,
        0.4625,
        0.4875,
        0.5,
        0.45,
        0.475,
        0.4875,
        0.475,
        0.5,
        0.4875
      ],
      "n_directions": 50
    },
    "0.0": {
      "mean_lure_rate": 0.5249999999999999,
      "std": 1.1214946133455537e-16,
      "mean_correct_rate": 0.4750000000000001,
      "std_correct_rate": 1.1214946133455537e-16,
      "lure_rates": [
        0.525,
        0.525,
        0.525,
        0.525,
        0.525,
        0.525,
        0.525,
        0.525,
        0.525,
        0.525,
        0.525,
        0.525,
        0.525,
        0.525,
        0.525,
        0.525,
        0.525,
        0.525,
        0.525,
        0.525,
        0.525,
        0.525,
        0.525,
        0.525,
        0.525,
        0.525,
        0.525,
        0.525,
        0.525,
        0.525,
        0.525,
        0.525,
        0.525,
        0.525,
        0.525,
        0.525,
        0.525,
        0.525,
        0.525,
        0.525,
        0.525,
        0.525,
        0.525,
        0.525,
        0.525,
        0.525,
        0.525,
        0.525,
        0.525,
        0.525
      ],