{
  "model": "llama31",
  "categories": "ALL",
  "layer_aucs": {
    "0": 0.9654729109274565,
    "1": 0.9775941230486686,
    "2": 0.9717171717171716,
    "3": 0.9768595041322314,
    "4": 0.9840220385674933,
    "5": 0.9843893480257115,
    "6": 0.9753902662993571,
    "7": 0.9917355371900826,
    "8": 0.9895316804407713,
    "9": 0.9913682277318641,
    "10": 0.995408631772268,
    "11": 0.9963269054178145,
    "12": 0.997245179063361,
    "13": 0.9981634527089073,
    "14": 0.9990817263544536,
    "15": 0.9976124885215795,
    "16": 0.9983471074380166,
    "17": 0.9910009182736456,
    "18": 0.9876951331496786,
    "19": 0.9913682277318643,
    "20": 0.9913682277318643,
    "21": 0.9966942148760332,
    "22": 0.9965105601469236,
    "23": 0.9933884297520661,
    "24": 0.9913682277318641,
    "25": 0.9895316804407713,
    "26": 0.9781450872359964,
    "27": 0.9910009182736456,
    "28": 0.9790633608815428,
    "29": 0.9617998163452708,
    "30": 0.9781450872359964,
    "31": 0.9834710743801652
  },
  "best_layer": 14,
  "best_auc": 0.9990817263544536
}