{
  "model": "unsloth_Meta-Llama-3.1-8B-Instruct",
  "target": "task_type",
  "position": "P0",
  "categories": [
    "base_rate",
    "conjunction",
    "syllogism"
  ],
  "n_items": 140,
  "layer_aucs": {
    "0": {
      "mean": 0.8484693877551021,
      "std": 0.07438488558615344
    },
    "1": {
      "mean": 0.8989795918367346,
      "std": 0.029291224682463958
    },
    "2": {
      "mean": 0.9255102040816325,
      "std": 0.02692021624137327
    },
    "3": {
      "mean": 0.9316326530612246,
      "std": 0.024701466197775936
    },
    "4": {
      "mean": 0.926530612244898,
      "std": 0.013147039517066436
    },
    "5": {
      "mean": 0.9387755102040817,
      "std": 0.024361910992476185
    },
    "6": {
      "mean": 0.9326530612244899,
      "std": 0.01384148976148015
    },
    "7": {
      "mean": 0.960204081632653,
      "std": 0.009893224198808868
    },
    "8": {
      "mean": 0.9520408163265305,
      "std": 0.011454053224818203
    },
    "9": {
      "mean": 0.9479591836734693,
      "std": 0.014927284528905913
    },
    "10": {
      "mean": 0.9714285714285713,
      "std": 0.018980689018100287
    },
    "11": {
      "mean": 0.9785714285714284,
      "std": 0.013067600484556848
    },
    "12": {
      "mean": 0.9877551020408163,
      "std": 0.006920744880740074
    },
    "13": {
      "mean": 0.9928571428571429,
      "std": 0.006920744880740054
    },
    "14": {
      "mean": 0.9989795918367348,
      "std": 0.002040816326530592
    },
    "15": {
      "mean": 0.9959183673469388,
      "std": 0.008163265306122458
    },
    "16": {
      "mean": 0.9948979591836735,
      "std": 0.006453627877894624
    },
    "17": {
      "mean": 0.9887755102040817,
      "std": 0.011812078472234916
    },
    "18": {
      "mean": 0.9908163265306122,
      "std": 0.007498437988111781
    },
    "19": {
      "mean": 0.9867346938775512,
      "std": 0.008895712129674839
    },
    "20": {
      "mean": 0.9775510204081632,
      "std": 0.02106098718423503
    },
    "21": {
      "mean": 0.9693877551020409,
      "std": 0.01962794292007283
    },
    "22": {
      "mean": 0.9683673469387756,
      "std": 0.019733754699809945
    },
    "23": {
      "mean": 0.963265306122449,
      "std": 0.013067600484556876
    },
    "24": {
      "mean": 0.9775510204081632,
      "std": 0.013537244042266978
    },
    "25": {
      "mean": 0.9642857142857142,
      "std": 0.019090088708030334
    },
    "26": {
      "mean": 0.9653061224489796,
      "std": 0.019995834634964748
    },
    "27": {
      "mean": 0.9693877551020409,
      "std": 0.016767017066484688
    },
    "28": {
      "mean": 0.9806122448979592,
      "std": 0.01946814696769278
    },
    "29": {
      "mean": 0.9653061224489796,
      "std": 0.01864863967601741
    },
    "30": {
      "mean": 0.9734693877551021,
      "std": 0.018925752031623878
    },
    "31": {
      "mean": 0.9540816326530612,
      "std": 0.008537347209531379
    }
  },
  "best_layer": 14,
  "best_auc": 0.9989795918367348
}