{
  "model": "llama31",
  "categories": "base_rate+conjunction+syllogism",
  "layer_aucs": {
    "0": 0.8484693877551021,
    "1": 0.8989795918367346,
    "2": 0.9255102040816325,
    "3": 0.9316326530612246,
    "4": 0.926530612244898,
    "5": 0.9387755102040817,
    "6": 0.9326530612244899,
    "7": 0.960204081632653,
    "8": 0.9520408163265305,
    "9": 0.9479591836734693,
    "10": 0.9714285714285713,
    "11": 0.9785714285714284,
    "12": 0.9877551020408163,
    "13": 0.9928571428571429,
    "14": 0.9989795918367348,
    "15": 0.9959183673469388,
    "16": 0.9948979591836735,
    "17": 0.9887755102040817,
    "18": 0.9908163265306122,
    "19": 0.9867346938775512,
    "20": 0.9775510204081632,
    "21": 0.9693877551020409,
    "22": 0.9683673469387756,
    "23": 0.963265306122449,
    "24": 0.9775510204081632,
    "25": 0.9642857142857142,
    "26": 0.9653061224489796,
    "27": 0.9693877551020409,
    "28": 0.9806122448979592,
    "29": 0.9653061224489796,
    "30": 0.9734693877551021,
    "31": 0.9540816326530612
  },
  "best_layer": 14,
  "best_auc": 0.9989795918367348
}