{
  "within_nothink": {
    "mean": 0.95390625,
    "std": 0.028958989051329122,
    "folds": [
      0.9375,
      0.93359375,
      0.98046875,
      0.99609375,
      0.921875
    ]
  },
  "within_think": {
    "mean": 0.9703125,
    "std": 0.02667714231088105,
    "folds": [
      0.9765625,
      0.96484375,
      0.921875,
      0.9921875,
      0.99609375
    ]
  },
  "cross_nothink_to_think": 0.5353125000000001,
  "cross_think_to_nothink": 0.4565625,
  "probe_weight_cosine_similarity": -0.005364855497028512,
  "cross_mode_avg": 0.49593750000000003,
  "within_mode_avg": 0.962109375,
  "retention_ratio": 0.515468940316687
}