{
  "model": "qwen3_nothink",
  "categories": "ALL",
  "layer_aucs": {
    "0": 0.9649219467401284,
    "1": 0.9630853994490358,
    "2": 0.9713498622589531,
    "3": 0.9803489439853076,
    "4": 0.9742883379247015,
    "5": 0.9786960514233242,
    "6": 0.9797979797979798,
    "7": 0.9772268135904498,
    "8": 0.9825528007346189,
    "9": 0.984022038567493,
    "10": 0.9829201101928374,
    "11": 0.9816345270890725,
    "12": 0.9807162534435262,
    "13": 0.9832874196510559,
    "14": 0.9834710743801655,
    "15": 0.9834710743801652,
    "16": 0.985307621671258,
    "17": 0.9831037649219467,
    "18": 0.9851239669421489,
    "19": 0.9884297520661157,
    "20": 0.9948576675849402,
    "21": 0.9937557392102846,
    "22": 0.9954086317722682,
    "23": 0.979247015610652,
    "24": 0.9970615243342517,
    "25": 0.9952249770431589,
    "26": 0.9957759412304867,
    "27": 0.9944903581267217,
    "28": 0.9948576675849402,
    "29": 0.9957759412304867,
    "30": 0.9970615243342517,
    "31": 0.9915518824609734,
    "32": 0.9922865013774105,
    "33": 0.9952249770431589,
    "34": 0.9968778696051424,
    "35": 0.9957759412304867
  },
  "best_layer": 24,
  "best_auc": 0.9970615243342517
}