{
  "model": "qwen3_nothink",
  "categories": "base_rate+conjunction+syllogism",
  "layer_aucs": {
    "0": 0.889795918367347,
    "1": 0.8622448979591837,
    "2": 0.883673469387755,
    "3": 0.9051020408163264,
    "4": 0.930612244897959,
    "5": 0.9306122448979591,
    "6": 0.9346938775510203,
    "7": 0.9122448979591835,
    "8": 0.9163265306122449,
    "9": 0.9275510204081632,
    "10": 0.9295918367346937,
    "11": 0.9244897959183674,
    "12": 0.9244897959183673,
    "13": 0.9357142857142857,
    "14": 0.9214285714285714,
    "15": 0.9244897959183673,
    "16": 0.936734693877551,
    "17": 0.9377551020408162,
    "18": 0.9479591836734695,
    "19": 0.9571428571428571,
    "20": 0.9653061224489796,
    "21": 0.9653061224489796,
    "22": 0.9693877551020409,
    "23": 0.9653061224489796,
    "24": 0.9693877551020409,
    "25": 0.9673469387755101,
    "26": 0.9510204081632653,
    "27": 0.960204081632653,
    "28": 0.9571428571428571,
    "29": 0.963265306122449,
    "30": 0.963265306122449,
    "31": 0.9642857142857144,
    "32": 0.9448979591836734,
    "33": 0.9663265306122449,
    "34": 0.9714285714285713,
    "35": 0.9591836734693878
  },
  "best_layer": 34,
  "best_auc": 0.9714285714285713
}