{
  "model": "r1_distill",
  "categories": "base_rate+conjunction+syllogism",
  "layer_aucs": {
    "0": 0.7816326530612244,
    "1": 0.8306122448979592,
    "2": 0.8704081632653061,
    "3": 0.9010204081632655,
    "4": 0.9193877551020408,
    "5": 0.9275510204081632,
    "6": 0.9255102040816328,
    "7": 0.926530612244898,
    "8": 0.9204081632653061,
    "9": 0.9275510204081634,
    "10": 0.926530612244898,
    "11": 0.9224489795918368,
    "12": 0.926530612244898,
    "13": 0.9265306122448977,
    "14": 0.9285714285714285,
    "15": 0.9193877551020406,
    "16": 0.9285714285714285,
    "17": 0.923469387755102,
    "18": 0.926530612244898,
    "19": 0.9142857142857143,
    "20": 0.9142857142857143,
    "21": 0.923469387755102,
    "22": 0.9224489795918366,
    "23": 0.9173469387755102,
    "24": 0.9244897959183673,
    "25": 0.9224489795918368,
    "26": 0.9183673469387756,
    "27": 0.9061224489795918,
    "28": 0.923469387755102,
    "29": 0.9244897959183673,
    "30": 0.9183673469387754,
    "31": 0.9040816326530614
  },
  "best_layer": 14,
  "best_auc": 0.9285714285714285
}