{
  "model": "r1_distill",
  "categories": "ALL",
  "layer_aucs": {
    "0": 0.9226813590449954,
    "1": 0.937190082644628,
    "2": 0.9676767676767678,
    "3": 0.9707988980716253,
    "4": 0.9704315886134068,
    "5": 0.9728191000918273,
    "6": 0.9750229568411386,
    "7": 0.9759412304866849,
    "8": 0.9711662075298438,
    "9": 0.9766758494031222,
    "10": 0.9786960514233242,
    "11": 0.9797979797979798,
    "12": 0.9790633608815427,
    "13": 0.9794306703397613,
    "14": 0.9786960514233242,
    "15": 0.9842056932966023,
    "16": 0.9851239669421487,
    "17": 0.9836547291092745,
    "18": 0.9825528007346188,
    "19": 0.979247015610652,
    "20": 0.9827364554637283,
    "21": 0.981267217630854,
    "22": 0.979247015610652,
    "23": 0.9783287419651057,
    "24": 0.9816345270890725,
    "25": 0.9796143250688705,
    "26": 0.9788797061524335,
    "27": 0.9797979797979798,
    "28": 0.979247015610652,
    "29": 0.979247015610652,
    "30": 0.9803489439853077,
    "31": 0.9785123966942149
  },
  "best_layer": 16,
  "best_auc": 0.9851239669421487
}