{
  "description": "Text-only baseline probe: logistic regression on sentence-transformer embeddings (all-MiniLM-L6-v2) of raw prompt text. Tests whether prompt text alone can distinguish conflict from control items.",
  "encoder": "sentence-transformers/all-MiniLM-L6-v2",
  "embedding_dim": 384,
  "protocol": {
    "cv_folds": 5,
    "n_permutations": 1000,
    "n_bootstrap": 1000,
    "seed": 42,
    "classifier": "LogisticRegressionCV(Cs=10, cv=3, class_weight=balanced)",
    "control": "Hewitt & Liang (3 shuffled-label runs)"
  },
  "results": {
    "all_categories": {
      "label": "all_categories",
      "n_samples": 470,
      "n_conflict": 235,
      "n_control": 235,
      "auc": 0.8396016296966953,
      "auc_ci_lower": 0.8034847303933119,
      "auc_ci_upper": 0.8742799518615173,
      "auc_fold_mean": 0.8423721140787686,
      "auc_fold_std": 0.021323258694277675,
      "control_auc": 0.522501886223027,
      "selectivity": 0.3170997434736683,
      "permutation_p": 0.000999000999000999,
      "permutation_null_95th": 0.5436496152105025
    },
    "vulnerable_only": {
      "label": "vulnerable_only",
      "n_samples": 160,
      "n_conflict": 80,
      "n_control": 80,
      "auc": 0.84,
      "auc_ci_lower": 0.7805868520386331,
      "auc_ci_upper": 0.8937198944811304,
      "auc_fold_mean": 0.884375,
      "auc_fold_std": 0.010554106317270544,
      "control_auc": 0.531875,
      "selectivity": 0.308125,
      "permutation_p": 0.000999000999000999,
      "permutation_null_95th": 0.5778281249999998
    },
    "immune_only": {
      "label": "immune_only",
      "n_samples": 190,
      "n_conflict": 95,
      "n_control": 95,
      "auc": 0.9420498614958449,
      "auc_ci_lower": 0.9068822718977847,
      "auc_ci_upper": 0.9690631590211198,
      "auc_fold_mean": 0.9418282548476453,
      "auc_fold_std": 0.014124707793885838,
      "control_auc": 0.543342566943675,
      "selectivity": 0.3987072945521699,
      "permutation_p": 0.000999000999000999,
      "permutation_null_95th": 0.5645650969529085
    },
    "per_category": {
      "anchoring": {
        "label": "category_anchoring",
        "n_samples": 40,
        "n_conflict": 20,
        "n_control": 20,
        "auc": 0.9475,
        "auc_ci_lower": 0.8711736728184096,
        "auc_ci_upper": 0.9974937343358397,
        "auc_fold_mean": 0.95,
        "auc_fold_std": 0.08149003006503311,
        "control_auc": 0.4766666666666666,
        "selectivity": 0.4708333333333334,
        "permutation_p": 0.000999000999000999,
        "permutation_null_95th": 0.645125
      },
      "arithmetic": {
        "label": "category_arithmetic",
        "n_samples": 50,
        "n_conflict": 25,
        "n_control": 25,
        "auc": 1.0,
        "auc_ci_lower": 0.9999999999999999,
        "auc_ci_upper": 1.0,
        "auc_fold_mean": 1.0,
        "auc_fold_std": 0.0,
        "control_auc": 0.45013333333333333,
        "selectivity": 0.5498666666666667,
        "permutation_p": 0.000999000999000999,
        "permutation_null_95th": 0.6336799999999999
      },
      "availability": {
        "label": "category_availability",
        "n_samples": 30,
        "n_conflict": 15,
        "n_control": 15,
        "auc": 0.8977777777777778,
        "auc_ci_lower": 0.772244162087912,
        "auc_ci_upper": 0.9894179894179894,
        "auc_fold_mean": 0.8444444444444444,
        "auc_fold_std": 0.16850834320114555,
        "control_auc": 0.5125925925925926,
        "selectivity": 0.3851851851851852,
        "permutation_p": 0.000999000999000999,
        "permutation_null_95th": 0.6711111111111111
      },
      "base_rate": {
        "label": "category_base_rate",
        "n_samples": 70,
        "n_conflict": 35,
        "n_control": 35,
        "auc": 0.9853061224489796,
        "auc_ci_lower": 0.9598601773020378,
        "auc_ci_upper": 1.0,
        "auc_fold_mean": 0.9877551020408163,
        "auc_fold_std": 0.02738042421428317,
        "control_auc": 0.47782312925170073,
        "selectivity": 0.5074829931972789,
        "permutation_p": 0.000999000999000999,
        "permutation_null_95th": 0.6106530612244897
      },
      "certainty_effect": {
        "label": "category_certainty_effect",
        "n_samples": 30,
        "n_conflict": 15,
        "n_control": 15,
        "auc": 0.92,
        "auc_ci_lower": 0.791813287815126,
        "auc_ci_upper": 1.0,
        "auc_fold_mean": 0.8666666666666666,
        "auc_fold_std": 0.19876159799998128,
        "control_auc": 0.4503703703703703,
        "selectivity": 0.46962962962962973,
        "permutation_p": 0.000999000999000999,
        "permutation_null_95th": 0.6711111111111111
      },
      "conjunction": {
        "label": "category_conjunction",
        "n_samples": 40,
        "n_conflict": 20,
        "n_control": 20,
        "auc": 1.0,
        "auc_ci_lower": 0.9999999999999999,
        "auc_ci_upper": 1.0,
        "auc_fold_mean": 1.0,
        "auc_fold_std": 0.0,
        "control_auc": 0.3924999999999999,
        "selectivity": 0.6075000000000002,
        "permutation_p": 0.000999000999000999,
        "permutation_null_95th": 0.6499999999999999
      },
      "crt": {
        "label": "category_crt",
        "n_samples": 60,
        "n_conflict": 30,
        "n_control": 30,
        "auc": 0.8477777777777777,
        "auc_ci_lower": 0.7463047138047139,
        "auc_ci_upper": 0.9287496224420448,
        "auc_fold_mean": 0.7055555555555556,
        "auc_fold_std": 0.33827357618601994,
        "control_auc": 0.5325925925925926,
        "selectivity": 0.3151851851851851,
        "permutation_p": 0.000999000999000999,
        "permutation_null_95th": 0.6266666666666667
      },
      "framing": {
        "label": "category_framing",
        "n_samples": 40,
        "n_conflict": 20,
        "n_control": 20,
        "auc": 1.0,
        "auc_ci_lower": 1.0,
        "auc_ci_upper": 1.0,
        "auc_fold_mean": 1.0,
        "auc_fold_std": 0.0,
        "control_auc": 0.41916666666666663,
        "selectivity": 0.5808333333333333,
        "permutation_p": 0.000999000999000999,
        "permutation_null_95th": 0.655
      },
      "loss_aversion": {
        "label": "category_loss_aversion",
        "n_samples": 30,
        "n_conflict": 15,
        "n_control": 15,
        "auc": 1.0,
        "auc_ci_lower": 1.0,
        "auc_ci_upper": 1.0,
        "auc_fold_mean": 1.0,
        "auc_fold_std": 0.0,
        "control_auc": 0.5362962962962963,
        "selectivity": 0.46370370370370373,
        "permutation_p": 0.000999000999000999,
        "permutation_null_95th": 0.6713333333333331
      },
      "sunk_cost": {
        "label": "category_sunk_cost",
        "n_samples": 30,
        "n_conflict": 15,
        "n_control": 15,
        "auc": 1.0,
        "auc_ci_lower": 1.0,
        "auc_ci_upper": 1.0,
        "auc_fold_mean": 1.0,
        "auc_fold_std": 0.0,
        "control_auc": 0.5733333333333334,
        "selectivity": 0.42666666666666664,
        "permutation_p": 0.000999000999000999,
        "permutation_null_95th": 0.6755555555555555
      },
      "syllogism": {
        "label": "category_syllogism",
        "n_samples": 50,
        "n_conflict": 25,
        "n_control": 25,
        "auc": 0.0856,
        "auc_ci_lower": 0.009615384615384616,
        "auc_ci_upper": 0.1891975,
        "auc_fold_mean": 0.11600000000000002,
        "auc_fold_std": 0.1099090533122727,
        "control_auc": 0.38453333333333334,
        "selectivity": -0.29893333333333333,
        "permutation_p": 1.0,
        "permutation_null_95th": 0.636
      }
    }
  },
  "cross_prediction": {
    "train_vulnerable_test_immune": {
      "label": "train_vulnerable_test_immune",
      "n_train": 160,
      "n_test": 190,
      "auc": 0.41185595567867034,
      "auc_ci_lower": 0.3284033295614731,
      "auc_ci_upper": 0.49019868672444034
    },
    "train_immune_test_vulnerable": {
      "label": "train_immune_test_vulnerable",
      "n_train": 190,
      "n_test": 160,